{"std": 0.7493152969322863, "rmse": 0.9511276249604802, "sse": 439.6568668560004, "max": 7.262210051935019, "min": 0.0008771691511710385, "median": 0.3481056375371426, "mean": 0.5858074297465367}