{"std": 1.0782938866852578, "rmse": 1.3396030789264528, "sse": 872.1446948076468, "max": 8.734729894502388, "min": 0.0018833512592197645, "median": 0.3973271030991074, "mean": 0.7948702428739123}