{"std": 0.8593899149607042, "rmse": 1.1003212387668628, "sse": 588.4035186419817, "max": 6.394719832405807, "min": 0.0009033233628078162, "median": 0.4215025715702498, "mean": 0.6871359418232156}