{"std": 0.8425119049813357, "rmse": 1.0567284140020543, "sse": 542.7040213062182, "max": 7.3167143051919075, "min": 0.0008489757375561686, "median": 0.3755132600591816, "mean": 0.63784687106234}